{
  "project_info": {
    "project_number": "865731786589",
    "firebase_url": "https://hemiplegia-eee521.firebaseio.com",
    "project_id": "hemiplegia-eee521",
    "storage_bucket": "hemiplegia-eee521.appspot.com"
  },
  "client": [
    {
      "client_info": {
        "mobilesdk_app_id": "1:865731786589:android:2d9c701270370dcc565ab4",
        "android_client_info": {
          "package_name": "com.example.hemiplegia"
        }
      },
      "oauth_client": [
        {
          "client_id": "865731786589-r2ob7rhmkg6kujmmf13n1oomhaf6giod.apps.googleusercontent.com",
          "client_type": 3
        }
      ],
      "api_key": [
        {
          "current_key": "AIzaSyCDW_6SXbd_OCvmR5T8bht6vQHPMaYrWT4"
        }
      ],
      "services": {
        "appinvite_service": {
          "other_platform_oauth_client": [
            {
              "client_id": "865731786589-r2ob7rhmkg6kujmmf13n1oomhaf6giod.apps.googleusercontent.com",
              "client_type": 3
            }
          ]
        }
      }
    }
  ],
  "configuration_version": "1"
}